t,x,y,z
0,0,0,5
0,0,1,3.95945
0,0,2,3.13545
0,0,3,2.48293
0,0,4,1.9662
0,0,5,1.55702
0,0,6,1.23298
0,0,7,0.976388
0,0,8,0.773191
0,0,9,0.612282
0,1,0,2.1393
0,1,1,1.69409
0,1,2,1.34153
0,1,3,1.06234
0,1,4,0.841259
0,1,5,0.666185
0,1,6,0.527545
0,1,7,0.417757
0,1,8,0.330817
0,1,9,0.261971
0,2,0,-1.30481
0,2,1,-1.03326
0,2,2,-0.818229
0,2,3,-0.647947
0,2,4,-0.513103
0,2,5,-0.406321
0,2,6,-0.321761
0,2,7,-0.254799
0,2,8,-0.201773
0,2,9,-0.159782
0,3,0,-2.45808
0,3,1,-1.94653
0,3,2,-1.54143
0,3,3,-1.22065
0,3,4,-0.966617
0,3,5,-0.765454
0,3,6,-0.606155
0,3,7,-0.480008
0,3,8,-0.380113
0,3,9,-0.301008
0,4,0,-1.2852
0,4,1,-1.01773
0,4,2,-0.805933
0,4,3,-0.63821
0,4,4,-0.505392
0,4,5,-0.400214
0,4,6,-0.316926
0,4,7,-0.25097
0,4,8,-0.198741
0,4,9,-0.157381
0,5,0,0.441667
0,5,1,0.349751
0,5,2,0.276964
0,5,3,0.219325
0,5,4,0.173681
0,5,5,0.137536
0,5,6,0.108914
0,5,7,0.0862476
0,5,8,0.0682986
0,5,9,0.0540849
0,6,0,1.18388
0,6,1,0.937499
0,6,2,0.742395
0,6,3,0.587895
0,6,4,0.465548
0,6,5,0.368663
0,6,6,0.29194
0,6,7,0.231184
0,6,8,0.183072
0,6,9,0.144973
0,7,0,0.736101
0,7,1,0.582911
0,7,2,0.461601
0,7,3,0.365537
0,7,4,0.289465
0,7,5,0.229224
0,7,6,0.18152
0,7,7,0.143744
0,7,8,0.113829
0,7,9,0.0901403
0,8,0,-0.112499
0,8,1,-0.0890871
0,8,2,-0.0705471
0,8,3,-0.0558655
0,8,4,-0.0442393
0,8,5,-0.0350327
0,8,6,-0.027742
0,8,7,-0.0219686
0,8,8,-0.0173967
0,8,9,-0.0137763
0,9,0,-0.557869
0,9,1,-0.44177
0,9,2,-0.349833
0,9,3,-0.277029
0,9,4,-0.219377
0,9,5,-0.173722
0,9,6,-0.137569
0,9,7,-0.108939
0,9,8,-0.0862679
0,9,9,-0.0683146
1,0,0,2.34017
1,0,1,1.85316
1,0,2,1.4675
1,0,3,1.1621
1,0,4,0.920252
1,0,5,0.728738
1,0,6,0.57708
1,0,7,0.456984
1,0,8,0.361881
1,0,9,0.286569
1,1,0,3.16979
1,1,1,2.51013
1,1,2,1.98774
1,1,3,1.57407
1,1,4,1.24649
1,1,5,0.987084
1,1,6,0.781661
1,1,7,0.618989
1,1,8,0.490171
1,1,9,0.388162
1,2,0,1.24496
1,2,1,0.985867
1,2,2,0.780698
1,2,3,0.618227
1,2,4,0.489567
1,2,5,0.387683
1,2,6,0.307002
1,2,7,0.243112
1,2,8,0.192518
1,2,9,0.152453
1,3,0,-0.92241
1,3,1,-0.730447
1,3,2,-0.578433
1,3,3,-0.458055
1,3,4,-0.362729
1,3,5,-0.287241
1,3,6,-0.227463
1,3,7,-0.180126
1,3,8,-0.14264
1,3,9,-0.112955
1,4,0,-1.57002
1,4,1,-1.24328
1,4,2,-0.984544
1,4,3,-0.77965
1,4,4,-0.617397
1,4,5,-0.48891
1,4,6,-0.387163
1,4,7,-0.30659
1,4,8,-0.242785
1,4,9,-0.192259
1,5,0,-0.765066
1,5,1,-0.605847
1,5,2,-0.479764
1,5,3,-0.37992
1,5,4,-0.300855
1,5,5,-0.238244
1,5,6,-0.188663
1,5,7,-0.1494
1,5,8,-0.118308
1,5,9,-0.0936872
1,6,0,0.329862
1,6,1,0.261214
1,6,2,0.206853
1,6,3,0.163805
1,6,4,0.129715
1,6,5,0.10272
1,6,6,0.081343
1,6,7,0.0644147
1,6,8,0.0510093
1,6,9,0.0403937
1,7,0,0.762034
1,7,1,0.603447
1,7,2,0.477863
1,7,3,0.378415
1,7,4,0.299663
1,7,5,0.2373
1,7,6,0.187915
1,7,7,0.148808
1,7,8,0.11784
1,7,9,0.0933159
1,8,0,0.445234
1,8,1,0.352576
1,8,2,0.279201
1,8,3,0.221097
1,8,4,0.175084
1,8,5,0.138647
1,8,6,0.109793
1,8,7,0.0869442
1,8,8,0.0688502
1,8,9,0.0545218
1,9,0,-0.0968675
1,9,1,-0.0767083
1,9,2,-0.0607445
1,9,3,-0.048103
1,9,4,-0.0380922
1,9,5,-0.0301648
1,9,6,-0.0238872
1,9,7,-0.018916
1,9,8,-0.0149794
1,9,9,-0.011862
2,0,0,-1.02284
2,0,1,-0.809979
2,0,2,-0.641414
2,0,3,-0.507929
2,0,4,-0.402224
2,0,5,-0.318517
2,0,6,-0.25223
2,0,7,-0.199738
2,0,8,-0.158171
2,0,9,-0.125254
2,1,0,1.59226
2,1,1,1.26089
2,1,2,0.998488
2,1,3,0.790692
2,1,4,0.626141
2,1,5,0.495835
2,1,6,0.392646
2,1,7,0.310932
2,1,8,0.246224
2,1,9,0.194982
2,2,0,2.00394
2,2,1,1.5869
2,2,2,1.25665
2,2,3,0.995127
2,2,4,0.788031
2,2,5,0.624034
2,2,6,0.494166
2,2,7,0.391325
2,2,8,0.309886
2,2,9,0.245395
2,3,0,0.716323
2,3,1,0.567249
2,3,2,0.449198
2,3,3,0.355715
2,3,4,0.281687
2,3,5,0.223065
2,3,6,0.176643
2,3,7,0.139882
2,3,8,0.110771
2,3,9,0.0877184
2,4,0,-0.643678
2,4,1,-0.509722
2,4,2,-0.403643
2,4,3,-0.319641
2,4,4,-0.25312
2,4,5,-0.200443
2,4,6,-0.158729
2,4,7,-0.125696
2,4,8,-0.0995372
2,4,9,-0.0788225
2,5,0,-1.00001
2,5,1,-0.791894
2,5,2,-0.627093
2,5,3,-0.496588
2,5,4,-0.393243
2,5,5,-0.311405
2,5,6,-0.246598
2,5,7,-0.195279
2,5,8,-0.154639
2,5,9,-0.122457
2,6,0,-0.452081
2,6,1,-0.357998
2,6,2,-0.283495
2,6,3,-0.224497
2,6,4,-0.177777
2,6,5,-0.14078
2,6,6,-0.111482
2,6,7,-0.0882813
2,6,8,-0.0699091
2,6,9,-0.0553603
2,7,0,0.240238
2,7,1,0.190242
2,7,2,0.150651
2,7,3,0.119299
2,7,4,0.0944714
2,7,5,0.0748109
2,7,6,0.059242
2,7,7,0.0469131
2,7,8,0.03715
2,7,9,0.0294187
2,8,0,0.489072
2,8,1,0.387291
2,8,2,0.306691
2,8,3,0.242866
2,8,4,0.192323
2,8,5,0.152298
2,8,6,0.120604
2,8,7,0.0955047
2,8,8,0.0756292
2,8,9,0.05989
2,9,0,0.267857
2,9,1,0.212114
2,9,2,0.167971
2,9,3,0.133014
2,9,4,0.105332
2,9,5,0.0834117
2,9,6,0.0660528
2,9,7,0.0523066
2,9,8,0.041421
2,9,9,0.0328009
3,0,0,-2.46144
3,0,1,-1.94919
3,0,2,-1.54354
3,0,3,-1.22232
3,0,4,-0.967939
3,0,5,-0.766501
3,0,6,-0.606984
3,0,7,-0.480664
3,0,8,-0.380633
3,0,9,-0.301419
3,1,0,-0.546703
3,1,1,-0.432929
3,1,2,-0.342832
3,1,3,-0.271485
3,1,4,-0.214986
3,1,5,-0.170245
3,1,6,-0.134815
3,1,7,-0.106759
3,1,8,-0.0845413
3,1,9,-0.0669474
3,2,0,1.07572
3,2,1,0.85185
3,2,2,0.674571
3,2,3,0.534186
3,2,4,0.423016
3,2,5,0.334982
3,2,6,0.265269
3,2,7,0.210064
3,2,8,0.166347
3,2,9,0.131729
3,3,0,1.26334
3,3,1,1.00043
3,3,2,0.792229
3,3,3,0.627358
3,3,4,0.496798
3,3,5,0.39341
3,3,6,0.311537
3,3,7,0.246703
3,3,8,0.195361
3,3,9,0.154705
3,4,0,0.406498
3,4,1,0.321901
3,4,2,0.25491
3,4,3,0.201861
3,4,4,0.159851
3,4,5,0.126585
3,4,6,0.100241
3,4,7,0.0793799
3,4,8,0.0628601
3,4,9,0.0497782
3,5,0,-0.444382
3,5,1,-0.351901
3,5,2,-0.278667
3,5,3,-0.220673
3,5,4,-0.174749
3,5,5,-0.138382
3,5,6,-0.109583
3,5,7,-0.0867777
3,5,8,-0.0687184
3,5,9,-0.0544174
3,6,0,-0.635176
3,6,1,-0.502989
3,6,2,-0.398312
3,6,3,-0.315419
3,6,4,-0.249777
3,6,5,-0.197796
3,6,6,-0.156633
3,6,7,-0.124036
3,6,8,-0.0982225
3,6,9,-0.0777814
3,7,0,-0.264866
3,7,1,-0.209744
3,7,2,-0.166094
3,7,3,-0.131528
3,7,4,-0.104156
3,7,5,-0.0824801
3,7,6,-0.0653151
3,7,7,-0.0517224
3,7,8,-0.0409584
3,7,9,-0.0324345
3,8,0,0.171661
3,8,1,0.135937
3,8,2,0.107647
3,8,3,0.0852444
3,8,4,0.0675042
3,8,5,0.0534558
3,8,6,0.0423311
3,8,7,0.0335216
3,8,8,0.0265454
3,8,9,0.021021
3,9,0,0.312988
3,9,1,0.247852
3,9,2,0.196272
3,9,3,0.155425
3,9,4,0.12308
3,9,5,0.0974656
3,9,6,0.077182
3,9,7,0.0611196
3,9,8,0.0484
3,9,9,0.0383274
4,0,0,-1.64672
4,0,1,-1.30402
4,0,2,-1.03264
4,0,3,-0.817736
4,0,4,-0.647556
4,0,5,-0.512793
4,0,6,-0.406076
4,0,7,-0.321567
4,0,8,-0.254646
4,0,9,-0.201651
4,1,0,-1.53507
4,1,1,-1.2156
4,1,2,-0.962625
4,1,3,-0.762293
4,1,4,-0.603651
4,1,5,-0.478025
4,1,6,-0.378543
4,1,7,-0.299764
4,1,8,-0.23738
4,1,9,-0.187979
4,2,0,-0.28095
4,2,1,-0.222481
4,2,2,-0.17618
4,2,3,-0.139515
4,2,4,-0.110481
4,2,5,-0.0874886
4,2,6,-0.0692813
4,2,7,-0.0548632
4,2,8,-0.0434456
4,2,9,-0.0344041
4,3,0,0.722211
4,3,1,0.571911
4,3,2,0.45289
4,3,3,0.358639
4,3,4,0.284003
4,3,5,0.224899
4,3,6,0.178095
4,3,7,0.141032
4,3,8,0.111681
4,3,9,0.0884393
4,4,0,0.79419
4,4,1,0.628911
4,4,2,0.498028
4,4,3,0.394383
4,4,4,0.312308
4,4,5,0.247313
4,4,6,0.195845
4,4,7,0.155088
4,4,8,0.122812
4,4,9,0.0972537
4,5,0,0.226714
4,5,1,0.179532
4,5,2,0.14217
4,5,3,0.112583
4,5,4,0.089153
4,5,5,0.0705994
4,5,6,0.0559069
4,5,7,0.0442721
4,5,8,0.0350586
4,5,9,0.0277625
4,6,0,-0.304025
4,6,1,-0.240754
4,6,2,-0.190651
4,6,3,-0.150974
4,6,4,-0.119555
4,6,5,-0.0946743
4,6,6,-0.0749716
4,6,7,-0.0593692
4,6,8,-0.0470139
4,6,9,-0.0372298
4,7,0,-0.40233
4,7,1,-0.318601
4,7,2,-0.252296
4,7,3,-0.199791
4,7,4,-0.158212
4,7,5,-0.125287
4,7,6,-0.0992132
4,7,7,-0.0785659
4,7,8,-0.0622155
4,7,9,-0.0492678
4,8,0,-0.153631
4,8,1,-0.121659
4,8,2,-0.0963401
4,8,3,-0.0762907
4,8,4,-0.0604138
4,8,5,-0.0478411
4,8,6,-0.0378849
4,8,7,-0.0300006
4,8,8,-0.0237572
4,8,9,-0.0188131
4,9,0,0.120832
4,9,1,0.0956854
4,9,2,0.0757723
4,9,3,0.0600033
4,9,4,0.047516
4,9,5,0.0376274
4,9,6,0.0297967
4,9,7,0.0235957
4,9,8,0.0186852
4,9,9,0.0147966
5,0,0,0.040481
5,0,1,0.0320565
5,0,2,0.0253852
5,0,3,0.0201023
5,0,4,0.0159188
5,0,5,0.0126059
5,0,6,0.0099825
5,0,7,0.00790503
5,0,8,0.00625991
5,0,9,0.00495716
5,1,0,-1.08557
5,1,1,-0.859655
5,1,2,-0.680752
5,1,3,-0.539081
5,1,4,-0.426892
5,1,5,-0.338052
5,1,6,-0.267699
5,1,7,-0.211988
5,1,8,-0.167871
5,1,9,-0.132936
5,2,0,-0.954333
5,2,1,-0.755726
5,2,2,-0.598452
5,2,3,-0.473908
5,2,4,-0.375283
5,2,5,-0.297182
5,2,6,-0.235336
5,2,7,-0.18636
5,2,8,-0.147576
5,2,9,-0.116864
5,3,0,-0.135889
5,3,1,-0.107609
5,3,2,-0.0852145
5,3,3,-0.0674805
5,3,4,-0.0534371
5,3,5,-0.0423163
5,3,6,-0.0335098
5,3,7,-0.0265361
5,3,8,-0.0210136
5,3,9,-0.0166405
5,4,0,0.482169
5,4,1,0.381824
5,4,2,0.302363
5,4,3,0.239438
5,4,4,0.189608
5,4,5,0.150149
5,4,6,0.118901
5,4,7,0.0941567
5,4,8,0.0745617
5,4,9,0.0590447
5,5,0,0.497816
5,5,1,0.394215
5,5,2,0.312175
5,5,3,0.247208
5,5,4,0.195761
5,5,5,0.155021
5,5,6,0.12276
5,5,7,0.0972123
5,5,8,0.0769814
5,5,9,0.0609607
5,6,0,0.123628
5,6,1,0.0978996
5,6,2,0.0775257
5,6,3,0.0613918
5,6,4,0.0486155
5,6,5,0.0384981
5,6,6,0.0304863
5,6,7,0.0241418
5,6,8,0.0191176
5,6,9,0.015139
5,7,0,-0.206384
5,7,1,-0.163433
5,7,2,-0.129421
5,7,3,-0.102487
5,7,4,-0.0811586
5,7,5,-0.0642687
5,7,6,-0.0508937
5,7,7,-0.0403022
5,7,8,-0.0319149
5,7,9,-0.0252731
5,8,0,-0.254133
5,8,1,-0.201245
5,8,2,-0.159364
5,8,3,-0.126198
5,8,4,-0.0999353
5,8,5,-0.0791377
5,8,6,-0.0626683
5,8,7,-0.0496264
5,8,8,-0.0392986
5,8,9,-0.0311202
5,9,0,-0.088045
5,9,1,-0.0697219
5,9,2,-0.0552121
5,9,3,-0.0437219
5,9,4,-0.0346229
5,9,5,-0.0274175
5,9,6,-0.0217116
5,9,7,-0.0171932
5,9,8,-0.0136151
5,9,9,-0.0107817
6,0,0,1.09621
6,0,1,0.868076
6,0,2,0.68742
6,0,3,0.544361
6,0,4,0.431074
6,0,5,0.341363
6,0,6,0.270322
6,0,7,0.214065
6,0,8,0.169516
6,0,9,0.134238
6,1,0,-0.029613
6,1,1,-0.0234502
6,1,2,-0.01857
6,1,3,-0.0147054
6,1,4,-0.011645
6,1,5,-0.00922159
6,1,6,-0.00730248
6,1,7,-0.00578276
6,1,8,-0.00457931
6,1,9,-0.0036263
6,2,0,-0.712761
6,2,1,-0.564428
6,2,2,-0.446965
6,2,3,-0.353947
6,2,4,-0.280287
6,2,5,-0.221956
6,2,6,-0.175765
6,2,7,-0.139186
6,2,8,-0.11022
6,2,9,-0.0872822
6,3,0,-0.591353
6,3,1,-0.468287
6,3,2,-0.370831
6,3,3,-0.293657
6,3,4,-0.232544
6,3,5,-0.184149
6,3,6,-0.145826
6,3,7,-0.115478
6,3,8,-0.0914459
6,3,9,-0.072415
6,4,0,-0.0590681
6,4,1,-0.0467754
6,4,2,-0.0370409
6,4,3,-0.0293323
6,4,4,-0.023228
6,4,5,-0.018394
6,4,6,-0.014566
6,4,7,-0.0115347
6,4,8,-0.00913419
6,4,9,-0.00723327
6,5,0,0.320286
6,5,1,0.253631
6,5,2,0.200848
6,5,3,0.159049
6,5,4,0.125949
6,5,5,0.099738
6,5,6,0.0789815
6,5,7,0.0625446
6,5,8,0.0495284
6,5,9,0.039221
6,6,0,0.311116
6,6,1,0.246369
6,6,2,0.195097
6,6,3,0.154495
6,6,4,0.122343
6,6,5,0.0968824
6,6,6,0.0767202
6,6,7,0.0607539
6,6,8,0.0481104
6,6,9,0.0380981
6,7,0,0.0653801
6,7,1,0.0517738
6,7,2,0.0409991
6,7,3,0.0324668
6,7,4,0.0257101
6,7,5,0.0203596
6,7,6,0.0161225
6,7,7,0.0127673
6,7,8,0.0101103
6,7,9,0.00800621
6,8,0,-0.13915
6,8,1,-0.110192
6,8,2,-0.0872596
6,8,3,-0.0690999
6,8,4,-0.0547195
6,8,5,-0.0433318
6,8,6,-0.034314
6,8,7,-0.0271729
6,8,8,-0.0215179
6,8,9,-0.0170398
6,9,0,-0.160073
6,9,1,-0.12676
6,9,2,-0.10038
6,9,3,-0.0794897
6,9,4,-0.0629471
6,9,5,-0.0498471
6,9,6,-0.0394734
6,9,7,-0.0312586
6,9,8,-0.0247534
6,9,9,-0.0196019
7,0,0,1.00011
7,0,1,0.791978
7,0,2,0.627159
7,0,3,0.496641
7,0,4,0.393285
7,0,5,0.311438
7,0,6,0.246624
7,0,7,0.195299
7,0,8,0.154655
7,0,9,0.12247
7,1,0,0.66996
7,1,1,0.530534
7,1,2,0.420124
7,1,3,0.332692
7,1,4,0.263455
7,1,5,0.208628
7,1,6,0.16521
7,1,7,0.130828
7,1,8,0.103601
7,1,9,0.0820409
7,2,0,-0.0538615
7,2,1,-0.0426523
7,2,2,-0.0337759
7,2,3,-0.0267468
7,2,4,-0.0211805
7,2,5,-0.0167726
7,2,6,-0.0132821
7,2,7,-0.0105179
7,2,8,-0.00832904
7,2,9,-0.00659568
7,3,0,-0.466215
7,3,1,-0.369191
7,3,2,-0.292358
7,3,3,-0.231515
7,3,4,-0.183335
7,3,5,-0.145181
7,3,6,-0.114967
7,3,7,-0.0910413
7,3,8,-0.0720946
7,3,9,-0.057091
7,4,0,-0.365173
7,4,1,-0.289177
7,4,2,-0.228996
7,4,3,-0.18134
7,4,4,-0.143601
7,4,5,-0.113716
7,4,6,-0.0900506
7,4,7,-0.0713101
7,4,8,-0.0564697
7,4,9,-0.0447178
7,5,0,-0.0201276
7,5,1,-0.0159388
7,5,2,-0.0126218
7,5,3,-0.00999506
7,5,4,-0.00791498
7,5,5,-0.00626779
7,5,6,-0.0049634
7,5,7,-0.00393046
7,5,8,-0.00311249
7,5,9,-0.00246475
7,6,0,0.211772
7,6,1,0.1677
7,6,2,0.1328
7,6,3,0.105163
7,6,4,0.0832776
7,6,5,0.0659466
7,6,6,0.0522224
7,6,7,0.0413544
7,6,8,0.0327481
7,6,9,0.0259329
7,7,0,0.19384
7,7,1,0.1535
7,7,2,0.121555
7,7,3,0.0962579
7,7,4,0.0762256
7,7,5,0.0603623
7,7,6,0.0478003
7,7,7,0.0378525
7,7,8,0.029975
7,7,9,0.0237369
7,8,0,0.0330721
7,8,1,0.0261895
7,8,2,0.0207392
7,8,3,0.0164231
7,8,4,0.0130053
7,8,5,0.0102988
7,8,6,0.00815549
7,8,7,0.00645825
7,8,8,0.00511422
7,8,9,0.0040499
7,9,0,-0.0932542
7,9,1,-0.0738471
7,9,2,-0.0584787
7,9,3,-0.0463087
7,9,4,-0.0366714
7,9,5,-0.0290397
7,9,6,-0.0229962
7,9,7,-0.0182105
7,9,8,-0.0144207
7,9,9,-0.0114196
8,0,0,0.231661
8,0,1,0.18345
8,0,2,0.145272
8,0,3,0.115039
8,0,4,0.0910984
8,0,5,0.0721399
8,0,6,0.0571268
8,0,7,0.0452381
8,0,8,0.0358236
8,0,9,0.0283683
8,1,0,0.646161
8,1,1,0.511688
8,1,2,0.4052
8,1,3,0.320874
8,1,4,0.254097
8,1,5,0.201217
8,1,6,0.159341
8,1,7,0.126181
8,1,8,0.0999212
8,1,9,0.0791265
8,2,0,0.407661
8,2,1,0.322822
8,2,2,0.255639
8,2,3,0.202438
8,2,4,0.160309
8,2,5,0.126947
8,2,6,0.100528
8,2,7,0.079607
8,2,8,0.0630399
8,2,9,0.0499207
8,3,0,-0.0563573
8,3,1,-0.0446287
8,3,2,-0.035341
8,3,3,-0.0279862
8,3,4,-0.022162
8,3,5,-0.0175498
8,3,6,-0.0138975
8,3,7,-0.0110053
8,3,8,-0.00871499
8,3,9,-0.00690131
8,4,0,-0.303865
8,4,1,-0.240628
8,4,2,-0.190551
8,4,3,-0.150895
8,4,4,-0.119492
8,4,5,-0.0946247
8,4,6,-0.0749323
8,4,7,-0.0593381
8,4,8,-0.0469892
8,4,9,-0.0372103
8,5,0,-0.224683
8,5,1,-0.177924
8,5,2,-0.140896
8,5,3,-0.111574
8,5,4,-0.0883543
8,5,5,-0.0699669
8,5,6,-0.055406
8,5,7,-0.0438755
8,5,8,-0.0347445
8,5,9,-0.0275138
8,6,0,-0.00171455
8,6,1,-0.00135774
8,6,2,-0.00107518
8,6,3,-0.000851421
8,6,4,-0.000674231
8,6,5,-0.000533917
8,6,6,-0.000422803
8,6,7,-0.000334813
8,6,8,-0.000265135
8,6,9,-0.000209958
8,7,0,0.139429
8,7,1,0.110412
8,7,2,0.0874343
8,7,3,0.0692383
8,7,4,0.0548291
8,7,5,0.0434186
8,7,6,0.0343827
8,7,7,0.0272273
8,7,8,0.021561
8,7,9,0.017074
8,8,0,0.120387
8,8,1,0.0953333
8,8,2,0.0754935
8,8,3,0.0597825
8,8,4,0.0473411
8,8,5,0.0374889
8,8,6,0.0296871
8,8,7,0.0235089
8,8,8,0.0186165
8,8,9,0.0147422
8,9,0,0.0155833
8,9,1,0.0123403
8,9,2,0.00977214
8,9,3,0.00773845
8,9,4,0.006128
8,9,5,0.0048527
8,9,6,0.0038428
8,9,7,0.00304308
8,9,8,0.00240978
8,9,9,0.00190828
9,0,0,-0.425903
9,0,1,-0.337268
9,0,2,-0.267079
9,0,3,-0.211497
9,0,4,-0.167482
9,0,5,-0.132628
9,0,6,-0.105026
9,0,7,-0.0831693
9,0,8,-0.0658609
9,0,9,-0.0521546
9,1,0,0.174281
9,1,1,0.138011
9,1,2,0.109289
9,1,3,0.0865452
9,1,4,0.0685342
9,1,5,0.0542715
9,1,6,0.0429771
9,1,7,0.0340331
9,1,8,0.0269504
9,1,9,0.0213418
9,2,0,0.416215
9,2,1,0.329596
9,2,2,0.261004
9,2,3,0.206686
9,2,4,0.163672
9,2,5,0.129611
9,2,6,0.102637
9,2,7,0.0812774
9,2,8,0.0643627
9,2,9,0.0509681
9,3,0,0.246873
9,3,1,0.195496
9,3,2,0.154812
9,3,3,0.122594
9,3,4,0.0970807
9,3,5,0.0768772
9,3,6,0.0608782
9,3,7,0.0482088
9,3,8,0.0381761
9,3,9,0.0302312
9,4,0,-0.0497492
9,4,1,-0.0393958
9,4,2,-0.0311972
9,4,3,-0.0247047
9,4,4,-0.0195634
9,4,5,-0.0154921
9,4,6,-0.012268
9,4,7,-0.0097149
9,4,8,-0.00769313
9,4,9,-0.00609211
9,5,0,-0.197383
9,5,1,-0.156306
9,5,2,-0.123777
9,5,3,-0.0980175
9,5,4,-0.077619
9,5,5,-0.0614657
9,5,6,-0.048674
9,5,7,-0.0385445
9,5,8,-0.030523
9,5,9,-0.0241708
9,6,0,-0.137707
9,6,1,-0.109049
9,6,2,-0.0863547
9,6,3,-0.0683834
9,6,4,-0.0541521
9,6,5,-0.0428825
9,6,6,-0.0339582
9,6,7,-0.0268911
9,6,8,-0.0212948
9,6,9,-0.0168631
9,7,0,0.00593788
9,7,1,0.00470215
9,7,2,0.00372358
9,7,3,0.00294867
9,7,4,0.00233502
9,7,5,0.00184908
9,7,6,0.00146426
9,7,7,0.00115954
9,7,8,0.000918224
9,7,9,0.000727132
9,8,0,0.0914359
9,8,1,0.0724071
9,8,2,0.0573385
9,8,3,0.0454057
9,8,4,0.0359563
9,8,5,0.0284734
9,8,6,0.0225478
9,8,7,0.0178554
9,8,8,0.0141395
9,8,9,0.0111969
9,9,0,0.0745199
9,9,1,0.0590115
9,9,2,0.0467306
9,9,3,0.0370055
9,9,4,0.0293043
9,9,5,0.0232057
9,9,6,0.0183764
9,9,7,0.0145521
9,9,8,0.0115236
9,9,9,0.00912544
10,0,0,-0.547559
10,0,1,-0.433606
10,0,2,-0.343368
10,0,3,-0.27191
10,0,4,-0.215323
10,0,5,-0.170512
10,0,6,-0.135026
10,0,7,-0.106926
10,0,8,-0.0846736
10,0,9,-0.0670521
10,1,0,-0.252137
10,1,1,-0.199665
10,1,2,-0.158112
10,1,3,-0.125208
10,1,4,-0.0991506
10,1,5,-0.0785163
10,1,6,-0.0621762
10,1,7,-0.0492367
10,1,8,-0.03899
10,1,9,-0.0308758
10,2,0,0.12761
10,2,1,0.101053
10,2,2,0.0800227
10,2,3,0.0633691
10,2,4,0.0501814
10,2,5,0.0397381
10,2,6,0.0314682
10,2,7,0.0249193
10,2,8,0.0197334
10,2,9,0.0156266
10,3,0,0.267311
10,3,1,0.21168
10,3,2,0.167628
10,3,3,0.132742
10,3,4,0.105117
10,3,5,0.0832414
10,3,6,0.065918
10,3,7,0.0521998
10,3,8,0.0413364
10,3,9,0.0327339
10,4,0,0.14872
10,4,1,0.11777
10,4,2,0.0932608
10,4,3,0.0738523
10,4,4,0.0584828
10,4,5,0.0463119
10,4,6,0.0366739
10,4,7,0.0290417
10,4,8,0.0229978
10,4,9,0.0182117
10,5,0,-0.0403648
10,5,1,-0.0319645
10,5,2,-0.0253123
10,5,3,-0.0200446
10,5,4,-0.0158731
10,5,5,-0.0125697
10,5,6,-0.00995383
10,5,7,-0.00788234
10,5,8,-0.00624194
10,5,9,-0.00494293
10,6,0,-0.127802
10,6,1,-0.101205
10,6,2,-0.0801431
10,6,3,-0.0634645
10,6,4,-0.0502568
10,6,5,-0.0397979
10,6,6,-0.0315155
10,6,7,-0.0249568
10,6,8,-0.019763
10,6,9,-0.0156501
10,7,0,-0.0840501
10,7,1,-0.0665584
10,7,2,-0.0527069
10,7,3,-0.0417381
10,7,4,-0.0330519
10,7,5,-0.0261735
10,7,6,-0.0207265
10,7,7,-0.0164131
10,7,8,-0.0129974
10,7,9,-0.0102925
10,8,0,0.00821974
10,8,1,0.00650913
10,8,2,0.00515451
10,8,3,0.0040818
10,8,4,0.00323234
10,8,5,0.00255965
10,8,6,0.00202696
10,8,7,0.00160513
10,8,8,0.00127109
10,8,9,0.00100656
10,9,0,0.0597407
10,9,1,0.047308
10,9,2,0.0374627
10,9,3,0.0296664
10,9,4,0.0234925
10,9,5,0.0186034
10,9,6,0.0147319
10,9,7,0.011666
10,9,8,0.0092382
10,9,9,0.00731563
11,0,0,-0.238833
11,0,1,-0.18913
11,0,2,-0.14977
11,0,3,-0.118601
11,0,4,-0.093919
11,0,5,-0.0743735
11,0,6,-0.0588956
11,0,7,-0.0466388
11,0,8,-0.0369328
11,0,9,-0.0292467
11,1,0,-0.348025
11,1,1,-0.275597
11,1,2,-0.218243
11,1,3,-0.172824
11,1,4,-0.136858
11,1,5,-0.108376
11,1,6,-0.0858219
11,1,7,-0.0679615
11,1,8,-0.053818
11,1,9,-0.0426179
11,2,0,-0.148042
11,2,1,-0.117233
11,2,2,-0.0928355
11,2,3,-0.0735154
11,2,4,-0.0582161
11,2,5,-0.0461007
11,2,6,-0.0365067
11,2,7,-0.0289093
11,2,8,-0.0228929
11,2,9,-0.0181287
11,3,0,0.0915603
11,3,1,0.0725056
11,3,2,0.0574164
11,3,3,0.0454675
11,3,4,0.0360052
11,3,5,0.0285122
11,3,6,0.0225785
11,3,7,0.0178797
11,3,8,0.0141587
11,3,9,0.0112121
11,4,0,0.171185
11,4,1,0.13556
11,4,2,0.107348
11,4,3,0.0850081
11,4,4,0.0673171
11,4,5,0.0533077
11,4,6,0.0422138
11,4,7,0.0334287
11,4,8,0.0264718
11,4,9,0.0209627
11,5,0,0.0890702
11,5,1,0.0705338
11,5,2,0.055855
11,5,3,0.044231
11,5,4,0.035026
11,5,5,0.0277368
11,5,6,0.0219644
11,5,7,0.0173934
11,5,8,0.0137737
11,5,9,0.0109072
11,6,0,-0.0311293
11,6,1,-0.024651
11,6,2,-0.0195209
11,6,3,-0.0154584
11,6,4,-0.0122413
11,6,5,-0.00969378
11,6,6,-0.0076764
11,6,7,-0.00607886
11,6,8,-0.00481379
11,6,9,-0.00381199
11,7,0,-0.082493
11,7,1,-0.0653253
11,7,2,-0.0517304
11,7,3,-0.0409648
11,7,4,-0.0324396
11,7,5,-0.0256886
11,7,6,-0.0203425
11,7,7,-0.016109
11,7,8,-0.0127566
11,7,9,-0.0101018
11,8,0,-0.05107
11,8,1,-0.0404418
11,8,2,-0.0320254
11,8,3,-0.0253606
11,8,4,-0.0200828
11,8,5,-0.0159033
11,8,6,-0.0125937
11,8,7,-0.00997282
11,8,8,-0.00789737
11,8,9,-0.00625384
11,9,0,0.00802887
11,9,1,0.00635798
11,9,2,0.00503482
11,9,3,0.00398702
11,9,4,0.00315728
11,9,5,0.00250022
11,9,6,0.0019799
11,9,7,0.00156786
11,9,8,0.00124157
11,9,9,0.000983187
12,0,0,0.128342
12,0,1,0.101632
12,0,2,0.0804817
12,0,3,0.0637326
12,0,4,0.0504692
12,0,5,0.039966
12,0,6,0.0316487
12,0,7,0.0250623
12,0,8,0.0198465
12,0,9,0.0157163
12,1,0,-0.163732
12,1,1,-0.129657
12,1,2,-0.102674
12,1,3,-0.0813067
12,1,4,-0.064386
12,1,5,-0.0509866
12,1,6,-0.0403757
12,1,7,-0.0319731
12,1,8,-0.0253192
12,1,9,-0.02005
12,2,0,-0.22059
12,2,1,-0.174683
12,2,2,-0.13833
12,2,3,-0.109542
12,2,4,-0.086745
12,2,5,-0.0686925
12,2,6,-0.0543968
12,2,7,-0.0430763
12,2,8,-0.0341117
12,2,9,-0.0270127
12,3,0,-0.0860889
12,3,1,-0.0681729
12,3,2,-0.0539854
12,3,3,-0.0427505
12,3,4,-0.0338537
12,3,5,-0.0268084
12,3,6,-0.0212293
12,3,7,-0.0168112
12,3,8,-0.0133126
12,3,9,-0.0105421
12,4,0,0.0646617
12,4,1,0.0512049
12,4,2,0.0405486
12,4,3,0.03211
12,4,4,0.0254276
12,4,5,0.0201359
12,4,6,0.0159454
12,4,7,0.012627
12,4,8,0.00999917
12,4,9,0.00791824
12,5,0,0.109318
12,5,1,0.0865675
12,5,2,0.0685519
12,5,3,0.0542855
12,5,4,0.0429882
12,5,5,0.0340419
12,5,6,0.0269574
12,5,7,0.0213473
12,5,8,0.0169047
12,5,9,0.0133867
12,6,0,0.0529966
12,6,1,0.0419675
12,6,2,0.0332336
12,6,3,0.0263173
12,6,4,0.0208404
12,6,5,0.0165033
12,6,6,0.0130688
12,6,7,0.0103491
12,6,8,0.00819531
12,6,9,0.00648978
12,7,0,-0.0232017
12,7,1,-0.0183732
12,7,2,-0.0145495
12,7,3,-0.0115216
12,7,4,-0.00912384
12,7,5,-0.00722507
12,7,6,-0.00572146
12,7,7,-0.00453076
12,7,8,-0.00358787
12,7,9,-0.00284119
12,8,0,-0.0530877
12,8,1,-0.0420396
12,8,2,-0.0332907
12,8,3,-0.0263626
12,8,4,-0.0208763
12,8,5,-0.0165317
12,8,6,-0.0130913
12,8,7,-0.0103668
12,8,8,-0.00820939
12,8,9,-0.00650093
12,9,0,-0.0308787
12,9,1,-0.0244525
12,9,2,-0.0193637
12,9,3,-0.0153339
12,9,4,-0.0121428
12,9,5,-0.00961572
12,9,6,-0.00761459
12,9,7,-0.00602992
12,9,8,-0.00477503
12,9,9,-0.00378129
13,0,0,0.273631
13,0,1,0.216685
13,0,2,0.171591
13,0,3,0.135881
13,0,4,0.107603
13,0,5,0.0852095
13,0,6,0.0674765
13,0,7,0.0534339
13,0,8,0.0423138
13,0,9,0.0335078
13,1,0,0.0704051
13,1,1,0.055753
13,1,2,0.0441502
13,1,3,0.0349621
13,1,4,0.0276861
13,1,5,0.0219244
13,1,6,0.0173617
13,1,7,0.0137485
13,1,8,0.0108873
13,1,9,0.00862155
13,2,0,-0.111344
13,2,1,-0.088172
13,2,2,-0.0698225
13,2,3,-0.0552917
13,2,4,-0.0437849
13,2,5,-0.0346728
13,2,6,-0.0274571
13,2,7,-0.021743
13,2,8,-0.017218
13,2,9,-0.0136348
13,3,0,-0.139429
13,3,1,-0.110413
13,3,2,-0.0874346
13,3,3,-0.0692386
13,3,4,-0.0548293
13,3,5,-0.0434187
13,3,6,-0.0343829
13,3,7,-0.0272274
13,3,8,-0.0215611
13,3,9,-0.017074
13,4,0,-0.0494899
13,4,1,-0.0391905
13,4,2,-0.0310346
13,4,3,-0.024576
13,4,4,-0.0194614
13,4,5,-0.0154113
13,4,6,-0.0122041
13,4,7,-0.00966427
13,4,8,-0.00765303
13,4,9,-0.00606036
13,5,0,0.0450851
13,5,1,0.0357025
13,5,2,0.0282724
13,5,3,0.0223886
13,5,4,0.0177293
13,5,5,0.0140397
13,5,6,0.0111179
13,5,7,0.00880412
13,5,8,0.00697189
13,5,9,0.00552097
13,6,0,0.0696148
13,6,1,0.0551272
13,6,2,0.0436547
13,6,3,0.0345697
13,6,4,0.0273754
13,6,5,0.0216783
13,6,6,0.0171668
13,6,7,0.0135942
13,6,8,0.0107651
13,6,9,0.00852478
13,7,0,0.0312984
13,7,1,0.0247848
13,7,2,0.0196269
13,7,3,0.0155423
13,7,4,0.0123078
13,7,5,0.00974641
13,7,6,0.00771808
13,7,7,0.00611187
13,7,8,0.00483992
13,7,9,0.00383268
13,8,0,-0.0168721
13,8,1,-0.0133608
13,8,2,-0.0105803
13,8,3,-0.00837843
13,8,4,-0.00663479
13,8,5,-0.00525402
13,8,6,-0.0041606
13,8,7,-0.00329474
13,8,8,-0.00260907
13,8,9,-0.00206609
13,9,0,-0.0340646
13,9,1,-0.0269754
13,9,2,-0.0213616
13,9,3,-0.016916
13,9,4,-0.0133956
13,9,5,-0.0106078
13,9,6,-0.00840023
13,9,7,-0.00665206
13,9,8,-0.00526769
13,9,9,-0.00417143
14,0,0,0.173655
14,0,1,0.137515
14,0,2,0.108897
14,0,3,0.0862343
14,0,4,0.068288
14,0,5,0.0540766
14,0,6,0.0428227
14,0,7,0.0339108
14,0,8,0.0268536
14,0,9,0.0212651
14,1,0,0.171131
14,1,1,0.135517
14,1,2,0.107315
14,1,3,0.0849814
14,1,4,0.0672958
14,1,5,0.0532909
14,1,6,0.0422005
14,1,7,0.0334181
14,1,8,0.0264635
14,1,9,0.0209561
14,2,0,0.0375437
14,2,1,0.0297304
14,2,2,0.0235432
14,2,3,0.0186436
14,2,4,0.0147637
14,2,5,0.0116912
14,2,6,0.00925815
14,2,7,0.00733143
14,2,8,0.00580569
14,2,9,0.00459746
14,3,0,-0.0751878
14,3,1,-0.0595404
14,3,2,-0.0471495
14,3,3,-0.0373372
14,3,4,-0.0295669
14,3,5,-0.0234137
14,3,6,-0.0185411
14,3,7,-0.0146825
14,3,8,-0.0116269
14,3,9,-0.00920723
14,4,0,-0.0878829
14,4,1,-0.0695936
14,4,2,-0.0551104
14,4,3,-0.0436414
14,4,4,-0.0345591
14,4,5,-0.027367
14,4,6,-0.0216717
14,4,7,-0.0171616
14,4,8,-0.0135901
14,4,9,-0.0107618
14,5,0,-0.0280537
14,5,1,-0.0222154
14,5,2,-0.0175921
14,5,3,-0.013931
14,5,4,-0.0110318
14,5,5,-0.008736
14,5,6,-0.00691795
14,5,7,-0.00547825
14,5,8,-0.00433817
14,5,9,-0.00343535
14,6,0,0.0311043
14,6,1,0.0246312
14,6,2,0.0195052
14,6,3,0.015446
14,6,4,0.0122315
14,6,5,0.00968599
14,6,6,0.00767024
14,6,7,0.00607398
14,6,8,0.00480992
14,6,9,0.00380893
14,7,0,0.0442087
14,7,1,0.0350084
14,7,2,0.0277228
14,7,3,0.0219534
14,7,4,0.0173847
14,7,5,0.0137667
14,7,6,0.0109017
14,7,7,0.00863297
14,7,8,0.00683636
14,7,9,0.00541364
14,8,0,0.0183251
14,8,1,0.0145114
14,8,2,0.0114915
14,8,3,0.00909997
14,8,4,0.00720617
14,8,5,0.00570649
14,8,6,0.00451891
14,8,7,0.00357848
14,8,8,0.00283376
14,8,9,0.00224402
14,9,0,-0.0120417
14,9,1,-0.00953569
14,9,2,-0.00755121
14,9,3,-0.00597972
14,9,4,-0.00473528
14,9,5,-0.00374982
14,9,6,-0.00296944
14,9,7,-0.00235147
14,9,8,-0.00186211
14,9,9,-0.00147458
15,0,0,-0.0133048
15,0,1,-0.0105359
15,0,2,-0.00834327
15,0,3,-0.00660695
15,0,4,-0.00523197
15,0,5,-0.00414314
15,0,6,-0.00328091
15,0,7,-0.00259812
15,0,8,-0.00205742
15,0,9,-0.00162925
15,1,0,0.114943
15,1,1,0.0910221
15,1,2,0.0720794
15,1,3,0.057079
15,1,4,0.0452002
15,1,5,0.0357936
15,1,6,0.0283446
15,1,7,0.0224458
15,1,8,0.0177746
15,1,9,0.0140755
15,2,0,0.106702
15,2,1,0.0844963
15,2,2,0.0669118
15,2,3,0.0529867
15,2,4,0.0419596
15,2,5,0.0332274
15,2,6,0.0263124
15,2,7,0.0208365
15,2,8,0.0165002
15,2,9,0.0130664
15,3,0,0.0192277
15,3,1,0.0152262
15,3,2,0.0120575
15,3,3,0.00954818
15,3,4,0.00756111
15,3,5,0.00598756
15,3,6,0.00474149
15,3,7,0.00375473
15,3,8,0.00297333
15,3,9,0.00235455
15,4,0,-0.0504583
15,4,1,-0.0399574
15,4,2,-0.0316418
15,4,3,-0.0250568
15,4,4,-0.0198422
15,4,5,-0.0157129
15,4,6,-0.0124429
15,4,7,-0.00985337
15,4,8,-0.00780278
15,4,9,-0.00617894
15,5,0,-0.0552356
15,5,1,-0.0437405
15,5,2,-0.0346376
15,5,3,-0.0274292
15,5,4,-0.0217209
15,5,5,-0.0172005
15,5,6,-0.0136209
15,5,7,-0.0107863
15,5,8,-0.00854153
15,5,9,-0.00676395
15,6,0,-0.0156243
15,6,1,-0.0123728
15,6,2,-0.00979785
15,6,3,-0.00775882
15,6,4,-0.00614413
15,6,5,-0.00486547
15,6,6,-0.00385292
15,6,7,-0.00305108
15,6,8,-0.00241612
15,6,9,-0.0019133
15,7,0,0.0212676
15,7,1,0.0168416
15,7,2,0.0133367
15,7,3,0.0105612
15,7,4,0.00836328
15,7,5,0.00662279
15,7,6,0.00524452
15,7,7,0.00415308
15,7,8,0.00328878
15,7,9,0.00260435
15,8,0,0.0279969
15,8,1,0.0221705
15,8,2,0.0175566
15,8,3,0.0139029
15,8,4,0.0110095
15,8,5,0.00871834
15,8,6,0.00690396
15,8,7,0.00546717
15,8,8,0.0043294
15,8,9,0.0034284
15,9,0,0.0106209
15,9,1,0.00841055
15,9,2,0.00666022
15,9,3,0.00527416
15,9,4,0.00417655
15,9,5,0.00330737
15,9,6,0.00261907
15,9,7,0.00207402
15,9,8,0.00164239
15,9,9,0.00130059
16,0,0,-0.124059
16,0,1,-0.0982409
16,0,2,-0.0777959
16,0,3,-0.0616058
16,0,4,-0.048785
16,0,5,-0.0386323
16,0,6,-0.0305925
16,0,7,-0.0242259
16,0,8,-0.0191842
16,0,9,-0.0151918
16,1,0,-0.0023885
16,1,1,-0.00189143
16,1,2,-0.0014978
16,1,3,-0.0011861
16,1,4,-0.000939256
16,1,5,-0.000743787
16,1,6,-0.000588997
16,1,7,-0.000466421
16,1,8,-0.000369354
16,1,9,-0.000292487
16,2,0,0.075752
16,2,1,0.0599873
16,2,2,0.0475033
16,2,3,0.0376173
16,2,4,0.0297888
16,2,5,0.0235894
16,2,6,0.0186802
16,2,7,0.0147927
16,2,8,0.0117142
16,2,9,0.00927632
16,3,0,0.0663203
16,3,1,0.0525184
16,3,2,0.0415887
16,3,3,0.0329337
16,3,4,0.0260798
16,3,5,0.0206524
16,3,6,0.0163544
16,3,7,0.0129509
16,3,8,0.0102557
16,3,9,0.00812135
16,4,0,0.0092483
16,4,1,0.00732363
16,4,2,0.00579951
16,4,3,0.00459257
16,4,4,0.00363681
16,4,5,0.00287995
16,4,6,0.0022806
16,4,7,0.00180599
16,4,8,0.00143014
16,4,9,0.00113251
16,5,0,-0.0336748
16,5,1,-0.0266667
16,5,2,-0.0211171
16,5,3,-0.0167224
16,5,4,-0.0132423
16,5,5,-0.0104864
16,5,6,-0.0083041
16,5,7,-0.00657593
16,5,8,-0.00520741
16,5,9,-0.00412369
16,6,0,-0.0346157
16,6,1,-0.0274118
16,6,2,-0.0217071
16,6,3,-0.0171896
16,6,4,-0.0136123
16,6,5,-0.0107794
16,6,6,-0.00853612
16,6,7,-0.00675967
16,6,8,-0.00535291
16,6,9,-0.00423891
16,7,0,-0.00850422
16,7,1,-0.0067344
16,7,2,-0.0053329
16,7,3,-0.00422307
16,7,4,-0.00334421
16,7,5,-0.00264824
16,7,6,-0.00209712
16,7,7,-0.00166068
16,7,8,-0.00131508
16,7,9,-0.0010414
16,8,0,0.0144299
16,8,1,0.0114269
16,8,2,0.00904882
16,8,3,0.00716567
16,8,4,0.00567442
16,8,5,0.00449351
16,8,6,0.00355837
16,8,7,0.00281783
16,8,8,0.00223141
16,8,9,0.00176703
16,9,0,0.0176808
16,9,1,0.0140013
16,9,2,0.0110875
16,9,3,0.00878005
16,9,4,0.00695283
16,9,5,0.00550587
16,9,6,0.00436004
16,9,7,0.00345267
16,9,8,0.00273413
16,9,9,0.00216513
17,0,0,-0.107577
17,0,1,-0.0851891
17,0,2,-0.0674604
17,0,3,-0.0534211
17,0,4,-0.0423037
17,0,5,-0.0334998
17,0,6,-0.0265282
17,0,7,-0.0210074
17,0,8,-0.0166355
17,0,9,-0.0131735
17,1,0,-0.0761075
17,1,1,-0.0602688
17,1,2,-0.0477262
17,1,3,-0.0377939
17,1,4,-0.0299286
17,1,5,-0.0237001
17,1,6,-0.0187679
17,1,7,-0.0148621
17,1,8,-0.0117691
17,1,9,-0.00931986
17,2,0,0.00233365
17,2,1,0.00184799
17,2,2,0.0014634
17,2,3,0.00115885
17,2,4,0.000917684
17,2,5,0.000726705
17,2,6,0.00057547
17,2,7,0.000455709
17,2,8,0.000360871
17,2,9,0.00028577
17,3,0,0.0497232
17,3,1,0.0393752
17,3,2,0.0311808
17,3,3,0.0246918
17,3,4,0.0195532
17,3,5,0.015484
17,3,6,0.0122616
17,3,7,0.00970982
17,3,8,0.0076891
17,3,9,0.00608892
17,4,0,0.0410857
17,4,1,0.0325353
17,4,2,0.0257644
17,4,3,0.0204025
17,4,4,0.0161566
17,4,5,0.0127942
17,4,6,0.0101316
17,4,7,0.00802311
17,4,8,0.00635342
17,4,9,0.0050312
17,5,0,0.00397696
17,5,1,0.00314932
17,5,2,0.00249391
17,5,3,0.0019749
17,5,4,0.0015639
17,5,5,0.00123844
17,5,6,0.000980707
17,5,7,0.000776612
17,5,8,0.000614991
17,5,9,0.000487005
17,6,0,-0.0223612
17,6,1,-0.0177076
17,6,2,-0.0140225
17,6,3,-0.0111042
17,6,4,-0.00879334
17,6,5,-0.00696335
17,6,6,-0.00551421
17,6,7,-0.00436664
17,6,8,-0.0034579
17,6,9,-0.00273827
17,7,0,-0.0216288
17,7,1,-0.0171276
17,7,2,-0.0135632
17,7,3,-0.0107406
17,7,4,-0.00850534
17,7,5,-0.00673529
17,7,6,-0.0053336
17,7,7,-0.00422363
17,7,8,-0.00334465
17,7,9,-0.00264859
17,8,0,-0.00448574
17,8,1,-0.00355221
17,8,2,-0.00281296
17,8,3,-0.00222755
17,8,4,-0.00176398
17,8,5,-0.00139688
17,8,6,-0.00110617
17,8,7,-0.000875965
17,8,8,-0.000693668
17,8,9,-0.000549308
17,9,0,0.00972467
17,9,1,0.00770086
17,9,2,0.00609823
17,9,3,0.00482913
17,9,4,0.00382413
17,9,5,0.00302829
17,9,6,0.00239807
17,9,7,0.00189901
17,9,8,0.00150381
17,9,9,0.00119085
18,0,0,-0.0209692
18,0,1,-0.0166053
18,0,2,-0.0131496
18,0,3,-0.010413
18,0,4,-0.00824595
18,0,5,-0.00652988
18,0,6,-0.00517094
18,0,7,-0.00409482
18,0,8,-0.00324264
18,0,9,-0.00256781
18,1,0,-0.0697069
18,1,1,-0.0552002
18,1,2,-0.0437125
18,1,3,-0.0346154
18,1,4,-0.0274116
18,1,5,-0.021707
18,1,6,-0.0171895
18,1,7,-0.0136122
18,1,8,-0.0107794
18,1,9,-0.00853606
18,2,0,-0.0465
18,2,1,-0.0368229
18,2,2,-0.0291597
18,2,3,-0.0230912
18,2,4,-0.0182857
18,2,5,-0.0144803
18,2,6,-0.0114668
18,2,7,-0.00908041
18,2,8,-0.00719068
18,2,9,-0.00569423
18,3,0,0.00392148
18,3,1,0.00310538
18,3,2,0.00245912
18,3,3,0.00194735
18,3,4,0.00154209
18,3,5,0.00122116
18,3,6,0.000967025
18,3,7,0.000765777
18,3,8,0.000606411
18,3,9,0.00048021
18,4,0,0.0325153
18,4,1,0.0257486
18,4,2,0.02039
18,4,3,0.0161466
18,4,4,0.0127864
18,4,5,0.0101254
18,4,6,0.00801818
18,4,7,0.00634952
18,4,8,0.00502812
18,4,9,0.00398171
18,5,0,0.0253649
18,5,1,0.0200862
18,5,2,0.015906
18,5,3,0.0125958
18,5,4,0.00997451
18,5,5,0.00789871
18,5,6,0.00625491
18,5,7,0.00495319
18,5,8,0.00392238
18,5,9,0.00310609
18,6,0,0.00131522
18,6,1,0.00104151
18,6,2,0.00082476
18,6,3,0.000653119
18,6,4,0.000517198
18,6,5,0.000409564
18,6,6,0.000324329
18,6,7,0.000256833
18,6,8,0.000203383
18,6,9,0.000161057
18,7,0,-0.0147806
18,7,1,-0.0117046
18,7,2,-0.00926875
18,7,3,-0.00733982
18,7,4,-0.00581233
18,7,5,-0.00460272
18,7,6,-0.00364485
18,7,7,-0.00288632
18,7,8,-0.00228564
18,7,9,-0.00180998
18,8,0,-0.0134728
18,8,1,-0.010669
18,8,2,-0.00844864
18,8,3,-0.00669039
18,8,4,-0.00529805
18,8,5,-0.00419547
18,8,6,-0.00332235
18,8,7,-0.00263094
18,8,8,-0.00208341
18,8,9,-0.00164983
18,9,0,-0.00226019
18,9,1,-0.00178982
18,9,2,-0.00141734
18,9,3,-0.00112238
18,9,4,-0.000888799
18,9,5,-0.000703831
18,9,6,-0.000557356
18,9,7,-0.000441364
18,9,8,-0.000349512
18,9,9,-0.000276775
19,0,0,0.0495091
19,0,1,0.0392058
19,0,2,0.0310466
19,0,3,0.0245855
19,0,4,0.019469
19,0,5,0.0154173
19,0,6,0.0122088
19,0,7,0.00966803
19,0,8,0.00765601
19,0,9,0.00606271
19,1,0,-0.0163376
19,1,1,-0.0129376
19,1,2,-0.0102451
19,1,3,-0.00811301
19,1,4,-0.00642461
19,1,5,-0.00508758
19,1,6,-0.0040288
19,1,7,-0.00319037
19,1,8,-0.00252642
19,1,9,-0.00200064
19,2,0,-0.0450271
19,2,1,-0.0356565
19,2,2,-0.028236
19,2,3,-0.0223598
19,2,4,-0.0177065
19,2,5,-0.0140216
19,2,6,-0.0111035
19,2,7,-0.00879277
19,2,8,-0.00696291
19,2,9,-0.00551385
19,3,0,-0.0282854
19,3,1,-0.0223989
19,3,2,-0.0177375
19,3,3,-0.0140461
19,3,4,-0.011123
19,3,5,-0.00880816
19,3,6,-0.00697509
19,3,7,-0.0055235
19,3,8,-0.004374
19,3,9,-0.00346373
19,4,0,0.00403161
19,4,1,0.00319259
19,4,2,0.00252818
19,4,3,0.00200204
19,4,4,0.00158539
19,4,5,0.00125546
19,4,6,0.000994183
19,4,7,0.000787283
19,4,8,0.000623441
19,4,9,0.000493696
19,5,0,0.0211874
19,5,1,0.0167781
19,5,2,0.0132864
19,5,3,0.0105213
19,5,4,0.00833174
19,5,5,0.00659782
19,5,6,0.00522475
19,5,7,0.00413742
19,5,8,0.00327638
19,5,9,0.00259453
19,6,0,0.0156023
19,6,1,0.0123553
19,6,2,0.00978402
19,6,3,0.00774787
19,6,4,0.00613545
19,6,5,0.0048586
19,6,6,0.00384748
19,6,7,0.00304678
19,6,8,0.00241271
19,6,9,0.0019106
19,7,0,6.47989e-05
19,7,1,5.13135e-05
19,7,2,4.06347e-05
19,7,3,3.21782e-05
19,7,4,2.54815e-05
19,7,5,2.01786e-05
19,7,6,1.59792e-05
19,7,7,1.26538e-05
19,7,8,1.00204e-05
19,7,9,7.93504e-06
19,8,0,-0.00972857
19,8,1,-0.00770396
19,8,2,-0.00610068
19,8,3,-0.00483107
19,8,4,-0.00382567
19,8,5,-0.00302951
19,8,6,-0.00239904
19,8,7,-0.00189977
19,8,8,-0.00150441
19,8,9,-0.00119133
19,9,0,-0.00836556
19,9,1,-0.0066246
19,9,2,-0.00524595
19,9,3,-0.00415422
19,9,4,-0.00328968
19,9,5,-0.00260506
19,9,6,-0.00206292
19,9,7,-0.00163361
19,9,8,-0.00129364
19,9,9,-0.00102442
